run,variant,frequency,solution,generation,fitness
0,A,0.05,0,0,0.3392416087532547
0,A,0.05,0,1,0.8912799165628561
0,A,0.05,0,2,0.8374630782611346
0,A,0.05,0,3,-0.5087459335972209
0,A,0.05,0,4,1.5064239690073624
0,A,0.05,0,5,1.7340928677338254
0,A,0.05,0,6,2.094021746872348
0,A,0.05,0,7,1.9393569447478434
0,A,0.05,0,8,2.15967593174845
0,A,0.05,0,9,1.9941920521799679
0,A,0.05,0,10,2.5340907602284575
0,A,0.05,0,11,1.772979627054288
0,A,0.05,0,12,1.7084997166323552
0,A,0.05,0,13,1.8585253998454578
0,A,0.05,0,14,1.7321416596706132
0,A,0.05,0,15,2.0528148794459313
0,A,0.05,0,16,0.13203455494187424
0,A,0.05,0,17,1.695058799357111
0,A,0.05,0,18,1.5373857110479145
0,A,0.05,0,19,1.7143547196242441
0,A,0.05,0,20,1.9805298942374228
0,A,0.05,0,21,1.9196430943885963
0,A,0.05,0,22,2.106059119381274
0,A,0.05,0,23,1.167027250190443
0,A,0.05,0,24,1.327671010422528
0,A,0.05,0,25,1.7945160639569424
0,A,0.05,0,26,1.2308371947526993
0,A,0.05,0,27,1.0199737876657586
0,A,0.05,0,28,0.2866824145833657
0,A,0.05,0,29,1.7547073446736725
0,A,0.05,1,0,-1.151579606066758
0,A,0.05,1,1,-1.2822628344383515
0,A,0.05,1,2,-0.6165939222765616
0,A,0.05,1,3,-0.8788141115866748
0,A,0.05,1,4,-0.4724311584692922
0,A,0.05,1,5,-0.7130375179201736
0,A,0.05,1,6,-0.5186428031981111
0,A,0.05,1,7,-0.652408746349157
0,A,0.05,1,8,-1.1590903086766455
0,A,0.05,1,9,-0.4340326579630405
0,A,0.05,1,10,-1.5938710494118948
0,A,0.05,1,11,-0.4972643403876101
0,A,0.05,1,12,-0.3586859396194131
0,A,0.05,1,13,-0.005793333991492501
0,A,0.05,1,14,-0.4824329624912315
0,A,0.05,1,15,-0.9674074830537147
0,A,0.05,1,16,-1.8390595857875005
0,A,0.05,1,17,-1.0022208859512827
0,A,0.05,1,18,-0.6880780780421122
0,A,0.05,1,19,-1.171619335627754
0,A,0.05,1,20,-0.5403289724238498
0,A,0.05,1,21,-0.5504337984224232
0,A,0.05,1,22,-0.42716012189365593
0,A,0.05,1,23,-1.3428316514268308
0,A,0.05,1,24,-1.041558316062342
0,A,0.05,1,25,0.03673449494977359
0,A,0.05,1,26,-1.0896641503091309
0,A,0.05,1,27,-0.8043169720536871
0,A,0.05,1,28,-0.7063274914837762
0,A,0.05,1,29,-1.2063038780560262
0,A,0.05,2,0,-0.021294904050672105
0,A,0.05,2,1,0.08431844860326018
0,A,0.05,2,2,0.05169596786595038
0,A,0.05,2,3,0.0507514984973835
0,A,0.05,2,4,0.08050487058769538
0,A,0.05,2,5,0.04236431554381241
0,A,0.05,2,6,-0.0431644151332543
0,A,0.05,2,7,0.06731649241925677
0,A,0.05,2,8,0.06134019572649239
0,A,0.05,2,9,0.028459565913938716
0,A,0.05,2,10,-0.019018329130769764
0,A,0.05,2,11,0.01818742677083777
0,A,0.05,2,12,-0.030449255568618865
0,A,0.05,2,13,0.045049618231845355
0,A,0.05,2,14,0.0168090777862829
0,A,0.05,2,15,0.05982496979020102
0,A,0.05,2,16,0.04493835520449358
0,A,0.05,2,17,0.5881893970273716
0,A,0.05,2,18,0.5716951987901625
0,A,0.05,2,19,0.5215762712071459
0,A,0.05,2,20,0.6450013667665317
0,A,0.05,2,21,0.7787850496414845
0,A,0.05,2,22,0.1276471120370121
0,A,0.05,2,23,0.5224744198464477
0,A,0.05,2,24,0.3029752201267237
0,A,0.05,2,25,0.8347525075745398
0,A,0.05,2,26,0.7302950026857814
0,A,0.05,2,27,0.45118528472476366
0,A,0.05,2,28,0.2233565934375046
0,A,0.05,2,29,0.6052022391257811
0,A,0.05,3,0,0.2672615278151278
0,A,0.05,3,1,-0.7037068019478558
0,A,0.05,3,2,0.7512239077577539
0,A,0.05,3,3,-0.15817197305735145
0,A,0.05,3,4,0.6285802328959541
0,A,0.05,3,5,-0.8706485954365069
0,A,0.05,3,6,0.5898964841695962
0,A,0.05,3,7,-0.09524402405401035
0,A,0.05,3,8,0.270752578326485
0,A,0.05,3,9,0.3876532889065137
0,A,0.05,3,10,-0.23245194950818687
0,A,0.05,3,11,-0.19231579278041322
0,A,0.05,3,12,-0.23174347593698708
0,A,0.05,3,13,-0.028727666857365382
0,A,0.05,3,14,1.0504288530186172
0,A,0.05,3,15,0.6017711019910363
0,A,0.05,3,16,1.4891090786601815
0,A,0.05,3,17,1.480584905207032
0,A,0.05,3,18,0.030775458316793795
0,A,0.05,3,19,1.6450435432838226
0,A,0.05,3,20,1.3533851339748568
0,A,0.05,3,21,2.049419465868635
0,A,0.05,3,22,2.004164085817126
0,A,0.05,3,23,1.5050867041382945
0,A,0.05,3,24,1.1417582437287388
0,A,0.05,3,25,2.1373615043127567
0,A,0.05,3,26,1.965684470827049
0,A,0.05,3,27,1.815240143689661
0,A,0.05,3,28,1.4016393366176816
0,A,0.05,3,29,1.2446037033538346
0,A,0.05,4,0,1.239296333571111
0,A,0.05,4,1,1.7154976318623547
0,A,0.05,4,2,1.8655661781936475
0,A,0.05,4,3,1.7986186761020209
0,A,0.05,4,4,1.412672532958671
0,A,0.05,4,5,1.78373652798424
0,A,0.05,4,6,1.6086576476256365
0,A,0.05,4,7,1.8256853775082542
0,A,0.05,4,8,1.6427035445324905
0,A,0.05,4,9,1.112447899764356
0,A,0.05,4,10,1.9606865879977489
0,A,0.05,4,11,2.1519682656797836
0,A,0.05,4,12,1.925052855936832
0,A,0.05,4,13,1.830608243996198
0,A,0.05,4,14,1.8382331566558687
0,A,0.05,4,15,1.6788304384100567
0,A,0.05,4,16,1.7776087040066468
0,A,0.05,4,17,1.9518518010502452
0,A,0.05,4,18,1.9237230785884005
0,A,0.05,4,19,1.8151301774941528
0,A,0.05,4,20,1.5514006835313896
0,A,0.05,4,21,1.4258392614256972
0,A,0.05,4,22,0.8670944125381362
0,A,0.05,4,23,1.749821748136912
0,A,0.05,4,24,1.5115968787102678
0,A,0.05,4,25,1.7949518654981125
0,A,0.05,4,26,1.8546410944836031
0,A,0.05,4,27,1.9961847878948338
0,A,0.05,4,28,1.1161796150874896
0,A,0.05,4,29,1.9466159409041008
0,A,0.05,5,0,0.6498788847247396
0,A,0.05,5,1,1.1326075870833243
0,A,0.05,5,2,1.4045864303957099
0,A,0.05,5,3,0.3555399768361733
0,A,0.05,5,4,0.7478322935918601
0,A,0.05,5,5,0.9717766312435835
0,A,0.05,5,6,0.9025801213378146
0,A,0.05,5,7,1.143903493100377
0,A,0.05,5,8,1.5572563444493108
0,A,0.05,5,9,0.9151375581443142
0,A,0.05,5,10,1.7266126229885657
0,A,0.05,5,11,1.7561656593300425
0,A,0.05,5,12,1.6823924084161848
0,A,0.05,5,13,1.590256836942407
0,A,0.05,5,14,1.0877919055440153
0,A,0.05,5,15,2.0965005546235753
0,A,0.05,5,16,0.862016723084537
0,A,0.05,5,17,1.508388765641306
0,A,0.05,5,18,1.3694019957511072
0,A,0.05,5,19,1.4717782445869774
0,A,0.05,5,20,1.4848583170468448
0,A,0.05,5,21,1.4158773832400928
0,A,0.05,5,22,1.5138667143608908
0,A,0.05,5,23,1.504634848958045
0,A,0.05,5,24,1.173997058056233
0,A,0.05,5,25,1.4866554013860123
0,A,0.05,5,26,1.4018715467122853
0,A,0.05,5,27,1.5890792903143154
0,A,0.05,5,28,1.4719043765467776
0,A,0.05,5,29,1.1119112119621022
0,A,0.05,6,0,-0.17025891813321586
0,A,0.05,6,1,-0.15624801626900828
0,A,0.05,6,2,-0.0940355814207417
0,A,0.05,6,3,-0.03761762565853687
0,A,0.05,6,4,0.0592599378140061
0,A,0.05,6,5,-0.003661385268957989
0,A,0.05,6,6,-0.09232307994192718
0,A,0.05,6,7,0.04957941857408034
0,A,0.05,6,8,-0.17808938697857638
0,A,0.05,6,9,0.056639287179572735
0,A,0.05,6,10,0.05585270042725664
0,A,0.05,6,11,-0.04546957952619868
0,A,0.05,6,12,0.025513427901196827
0,A,0.05,6,13,0.00890182437886504
0,A,0.05,6,14,0.10996281131003072
0,A,0.05,6,15,-0.28242184484291777
0,A,0.05,6,16,0.06091248363224473
0,A,0.05,6,17,0.07430261471087239
0,A,0.05,6,18,0.08873881391588193
0,A,0.05,6,19,0.07637120679116327
0,A,0.05,6,20,0.027900821243501232
0,A,0.05,6,21,-0.14568144146859519
0,A,0.05,6,22,-0.022392602748619508
0,A,0.05,6,23,0.0785081530258739
0,A,0.05,6,24,0.02781602288368186
0,A,0.05,6,25,-0.13512900723683527
0,A,0.05,6,26,0.06844305573183394
0,A,0.05,6,27,0.06215778880634232
0,A,0.05,6,28,-0.00869055751994023
0,A,0.05,6,29,-0.12367335357969851
0,A,0.05,7,0,0.5419286288149557
0,A,0.05,7,1,0.018770998552377967
0,A,0.05,7,2,0.14265529713598096
0,A,0.05,7,3,0.41377547088064204
0,A,0.05,7,4,0.17390039486518946
0,A,0.05,7,5,0.26690968071009824
0,A,0.05,7,6,-0.16525725043115944
0,A,0.05,7,7,0.6961647630670338
0,A,0.05,7,8,0.10549840667612546
0,A,0.05,7,9,0.20412881300782185
0,A,0.05,7,10,0.4194558759822976
0,A,0.05,7,11,-0.27303021077609213
0,A,0.05,7,12,0.4388762578649401
0,A,0.05,7,13,0.14529488023388865
0,A,0.05,7,14,0.5157904978034866
0,A,0.05,7,15,0.20297864321483625
0,A,0.05,7,16,0.24187398385886544
0,A,0.05,7,17,0.4903748636885539
0,A,0.05,7,18,0.20234481042328986
0,A,0.05,7,19,0.4451667792981445
0,A,0.05,7,20,-0.16108578580898583
0,A,0.05,7,21,0.7702281609391493
0,A,0.05,7,22,0.5420363379294004
0,A,0.05,7,23,0.46146575036038334
0,A,0.05,7,24,0.6914141941908717
0,A,0.05,7,25,0.47266163759993185
0,A,0.05,7,26,-0.42616390114712
0,A,0.05,7,27,0.6303254595793002
0,A,0.05,7,28,-0.017069112216705547
0,A,0.05,7,29,0.1917547377492431
0,A,0.05,8,0,-0.26292431428572804
0,A,0.05,8,1,-0.2813280678598316
0,A,0.05,8,2,-0.2076199163786765
0,A,0.05,8,3,-0.17122845546079427
0,A,0.05,8,4,-0.1564200887339108
0,A,0.05,8,5,-0.05086046766339294
0,A,0.05,8,6,-0.05627545209704734
0,A,0.05,8,7,-0.12965305917584252
0,A,0.05,8,8,-0.11029129247678007
0,A,0.05,8,9,-0.36965303652096765
0,A,0.05,8,10,-0.25772017469031866
0,A,0.05,8,11,-0.24151390094621214
0,A,0.05,8,12,-0.20736004870075014
0,A,0.05,8,13,-0.1443397175567933
0,A,0.05,8,14,-0.119460439963041
0,A,0.05,8,15,-0.16042439215643567
0,A,0.05,8,16,-0.26877033898703573
0,A,0.05,8,17,-0.2606605541525374
0,A,0.05,8,18,-0.24875384903216657
0,A,0.05,8,19,-0.16823636247348808
0,A,0.05,8,20,-0.1625489137669842
0,A,0.05,8,21,-0.09230244032974136
0,A,0.05,8,22,-0.06535499846920653
0,A,0.05,8,23,-0.085519027748538
0,A,0.05,8,24,-0.09651734049211025
0,A,0.05,8,25,-0.14444150172418913
0,A,0.05,8,26,-0.09099590999414578
0,A,0.05,8,27,-0.22446238426204704
0,A,0.05,8,28,-0.10296975566099473
0,A,0.05,8,29,0.05225338451987886
0,A,0.05,9,0,0.7909984540067487
0,A,0.05,9,1,1.2442161699702947
0,A,0.05,9,2,0.527125526774452
0,A,0.05,9,3,0.8148216258948134
0,A,0.05,9,4,0.4975183579943803
0,A,0.05,9,5,1.1568627993704195
0,A,0.05,9,6,1.0557208687393866
0,A,0.05,9,7,0.3351862053181487
0,A,0.05,9,8,1.1551809011909329
0,A,0.05,9,9,0.8303426191261336
0,A,0.05,9,10,1.1785199312979655
0,A,0.05,9,11,0.793280429440018
0,A,0.05,9,12,1.0678267938223769
0,A,0.05,9,13,1.2879739048275476
0,A,0.05,9,14,0.9266711938289768
0,A,0.05,9,15,1.5147359188014704
0,A,0.05,9,16,0.4344467663569865
0,A,0.05,9,17,0.6353735767015268
0,A,0.05,9,18,1.4110574300872694
0,A,0.05,9,19,1.1735697761146218
0,A,0.05,9,20,0.8814650717369082
0,A,0.05,9,21,0.7833687087872914
0,A,0.05,9,22,1.0120546141831994
0,A,0.05,9,23,0.9728394912532039
0,A,0.05,9,24,0.8611602499457666
0,A,0.05,9,25,1.2015068496683265
0,A,0.05,9,26,1.0954194141380809
0,A,0.05,9,27,1.289668196703883
0,A,0.05,9,28,1.3084718333243481
0,A,0.05,9,29,0.7942421706177107
0,B,100,0,0,-0.11667481175235817
0,B,100,0,1,0.1938716770004551
0,B,100,0,2,-0.11089247956943335
0,B,100,0,3,0.41870050182252505
0,B,100,0,4,0.48308818436529066
0,B,100,0,5,0.23733799387530422
0,B,100,0,6,-0.16469896765712685
0,B,100,0,7,0.30596407329984726
0,B,100,0,8,0.2437889287065552
0,B,100,0,9,-0.02407314392158984
0,B,100,0,10,-0.40185631897945967
0,B,100,0,11,0.4218369980306506
0,B,100,0,12,-0.16220272104596314
0,B,100,0,13,-0.002240128395234768
0,B,100,0,14,-0.04998909467397445
0,B,100,0,15,0.06552169371498336
0,B,100,0,16,-0.2196420980441308
0,B,100,0,17,0.09762789165471429
0,B,100,0,18,-0.3418622234005724
0,B,100,0,19,0.22682387175871546
0,B,100,0,20,-0.14578339092033607
0,B,100,0,21,0.5293916109152011
0,B,100,0,22,0.196883129223861
0,B,100,0,23,0.035822357972367054
0,B,100,0,24,0.25584829506347073
0,B,100,0,25,0.3397248565380887
0,B,100,0,26,0.27764313285338266
0,B,100,0,27,0.46676798345928155
0,B,100,0,28,0.31334587299389144
0,B,100,0,29,0.02050881693708052
0,B,100,1,0,0.27562073089576217
0,B,100,1,1,0.23272541633120133
0,B,100,1,2,-0.2094628232591963
0,B,100,1,3,0.05637610227879875
0,B,100,1,4,0.18495753477598564
0,B,100,1,5,0.051572383193345214
0,B,100,1,6,0.1678822842175225
0,B,100,1,7,0.2803394133277028
0,B,100,1,8,0.5450402976799482
0,B,100,1,9,0.44606061714846434
0,B,100,1,10,-0.10201946591562176
0,B,100,1,11,0.33279866883807946
0,B,100,1,12,0.29348248814212785
0,B,100,1,13,0.24239583057543596
0,B,100,1,14,0.32309558773546654
0,B,100,1,15,-0.27226722262712166
0,B,100,1,16,0.21894983335196033
0,B,100,1,17,-0.14457361849505743
0,B,100,1,18,-0.29922734204408136
0,B,100,1,19,0.46857333976924304
0,B,100,1,20,0.591022225319741
0,B,100,1,21,0.3396739402097304
0,B,100,1,22,0.14195440764737946
0,B,100,1,23,0.2057804742249456
0,B,100,1,24,0.2887011345717453
0,B,100,1,25,-0.40213054058264197
0,B,100,1,26,0.37624020659541013
0,B,100,1,27,0.10137850919034062
0,B,100,1,28,0.35353560842222054
0,B,100,1,29,0.24070764141956755
0,B,100,2,0,-1.4880409110598165
0,B,100,2,1,-0.23051567260584263
0,B,100,2,2,-0.3126051287595345
0,B,100,2,3,-0.7304436122873393
0,B,100,2,4,-0.8046309501483409
0,B,100,2,5,-0.4739958785866826
0,B,100,2,6,-0.43958586041940034
0,B,100,2,7,-0.0845225628283123
0,B,100,2,8,-0.02663501691641966
0,B,100,2,9,-0.5058724808834649
0,B,100,2,10,-0.15969829903680335
0,B,100,2,11,-0.31039232106284653
0,B,100,2,12,-0.4387292072452398
0,B,100,2,13,-0.6635502302583659
0,B,100,2,14,-0.38241440050584213
0,B,100,2,15,-0.4861390508130548
0,B,100,2,16,-0.01621186762873878
0,B,100,2,17,-0.24537553067272871
0,B,100,2,18,-0.5956962328008794
0,B,100,2,19,-0.5711313007692683
0,B,100,2,20,-0.7305581560555686
0,B,100,2,21,-0.20983664892874515
0,B,100,2,22,-0.5203935222717707
0,B,100,2,23,-0.5753077018292148
0,B,100,2,24,-0.5525814883254266
0,B,100,2,25,0.04892998790746491
0,B,100,2,26,-0.17746989239651484
0,B,100,2,27,-0.5166115602284569
0,B,100,2,28,-0.05572089597841591
0,B,100,2,29,-0.4425868335690409
0,B,100,3,0,-0.5184947952943492
0,B,100,3,1,-0.9529908142868903
0,B,100,3,2,-0.8180497067654328
0,B,100,3,3,-1.6328870612455848
0,B,100,3,4,-0.9363601841202049
0,B,100,3,5,-0.5297603699969365
0,B,100,3,6,-0.47223808699627856
0,B,100,3,7,-0.931881437142979
0,B,100,3,8,-0.5435302216150408
0,B,100,3,9,-0.5560117403149184
0,B,100,3,10,-1.0854899469241492
0,B,100,3,11,-0.7592449059720023
0,B,100,3,12,-0.7788154194370516
0,B,100,3,13,-0.32285874000907167
0,B,100,3,14,-1.0006518042151107
0,B,100,3,15,-1.180867773780277
0,B,100,3,16,-0.861214872220634
0,B,100,3,17,-0.22891180404059583
0,B,100,3,18,-1.1723610498221815
0,B,100,3,19,-0.8601473639974336
0,B,100,3,20,-0.2563321850703504
0,B,100,3,21,-0.3214167620426731
0,B,100,3,22,-0.33158249649428523
0,B,100,3,23,-0.7159460647165049
0,B,100,3,24,-0.0484081391917885
0,B,100,3,25,-0.7404083132512456
0,B,100,3,26,-0.6943532702288743
0,B,100,3,27,-0.5378115370035571
0,B,100,3,28,-0.8421966828228018
0,B,100,3,29,-1.4783890469234822
0,B,100,4,0,-0.23049345172184157
0,B,100,4,1,0.01981676283979556
0,B,100,4,2,-0.08622530313358172
0,B,100,4,3,0.18284272785311612
0,B,100,4,4,-0.4974336048928211
0,B,100,4,5,-0.16518088227707875
0,B,100,4,6,-0.2742660902323358
0,B,100,4,7,-0.3558142618713335
0,B,100,4,8,0.08257052990397502
0,B,100,4,9,-0.14921827131677057
0,B,100,4,10,-0.18943376377021037
0,B,100,4,11,-0.3150424569628622
0,B,100,4,12,0.6745890920557789
0,B,100,4,13,0.3770756710163914
0,B,100,4,14,0.4446621168704604
0,B,100,4,15,0.3983419264903228
0,B,100,4,16,0.04007751941582522
0,B,100,4,17,0.46119896534056204
0,B,100,4,18,0.5881191553934277
0,B,100,4,19,0.21464963887687288
0,B,100,4,20,-0.08859152823623005
0,B,100,4,21,0.24826594405391908
0,B,100,4,22,0.4782063229223156
0,B,100,4,23,0.5754752364637818
0,B,100,4,24,0.7141779917147114
0,B,100,4,25,0.1016867100363914
0,B,100,4,26,0.11728724933499529
0,B,100,4,27,0.3941676942567615
0,B,100,4,28,0.4087431230021992
0,B,100,4,29,0.45317865480986536
0,B,100,5,0,-2.4514262489182084
0,B,100,5,1,-2.11498900642382
0,B,100,5,2,-2.408544062601165
0,B,100,5,3,-1.8019953288377482
0,B,100,5,4,-2.1890376128013567
0,B,100,5,5,-1.8264179970586842
0,B,100,5,6,-1.4698858881059802
0,B,100,5,7,-2.031506576318393
0,B,100,5,8,-1.5530922090211274
0,B,100,5,9,-1.6304015400103296
0,B,100,5,10,-1.8988428758234082
0,B,100,5,11,-2.0604048779091952
0,B,100,5,12,-2.2261536623882083
0,B,100,5,13,-1.9908864058525744
0,B,100,5,14,-1.8924866705782197
0,B,100,5,15,-1.9758498167264644
0,B,100,5,16,-1.7843982961035443
0,B,100,5,17,-2.319033797824277
0,B,100,5,18,-1.9420762601775698
0,B,100,5,19,-1.6611101453073864
0,B,100,5,20,-2.1017247380798336
0,B,100,5,21,-1.922078217149303
0,B,100,5,22,-1.6901237185133418
0,B,100,5,23,-2.2626600251120306
0,B,100,5,24,-1.7779479395591342
0,B,100,5,25,-1.475303743602369
0,B,100,5,26,-1.8255277523884044
0,B,100,5,27,-2.2234663038132427
0,B,100,5,28,-1.4282722276397104
0,B,100,5,29,-1.721066791614029
0,B,100,6,0,-0.06369232602622384
0,B,100,6,1,0.18193904057495383
0,B,100,6,2,-0.280173605919285
0,B,100,6,3,-0.08611550919006225
0,B,100,6,4,0.19287650471380172
0,B,100,6,5,0.16547700823733558
0,B,100,6,6,-0.045586005460545996
0,B,100,6,7,-0.14590134478461342
0,B,100,6,8,0.032195867249761305
0,B,100,6,9,-0.25319830734124443
0,B,100,6,10,0.16930793779637432
0,B,100,6,11,-0.29018940263320386
0,B,100,6,12,-0.10636551227475016
0,B,100,6,13,0.2817711448221159
0,B,100,6,14,0.07271663092608088
0,B,100,6,15,0.11961184680786278
0,B,100,6,16,0.06510113727715919
0,B,100,6,17,0.23804027564251523
0,B,100,6,18,0.25588539666906923
0,B,100,6,19,0.12517929437236808
0,B,100,6,20,0.18800739986472076
0,B,100,6,21,0.12580981861934845
0,B,100,6,22,0.027100073079882204
0,B,100,6,23,0.2192710717115259
0,B,100,6,24,0.3007116776139158
0,B,100,6,25,0.3241538076977061
0,B,100,6,26,-0.1932346502830904
0,B,100,6,27,0.014337968868977865
0,B,100,6,28,0.22385138456241144
0,B,100,6,29,0.35655185558878993
0,B,100,7,0,0.11435551772685927
0,B,100,7,1,0.12441274375130185
0,B,100,7,2,0.12118896030803035
0,B,100,7,3,0.021302701106366412
0,B,100,7,4,-0.08856269562483357
0,B,100,7,5,0.10421309274382369
0,B,100,7,6,0.12383775262736685
0,B,100,7,7,0.12996514130858655
0,B,100,7,8,0.12086017911171804
0,B,100,7,9,0.11250137851195306
0,B,100,7,10,0.11705547508875698
0,B,100,7,11,0.11050420832615675
0,B,100,7,12,0.12742413569047353
0,B,100,7,13,0.12497867396893367
0,B,100,7,14,0.0840859392509158
0,B,100,7,15,0.10450489078152386
0,B,100,7,16,0.12435633550011697
0,B,100,7,17,0.016832527578730192
0,B,100,7,18,0.026724836442219575
0,B,100,7,19,0.1246121179908173
0,B,100,7,20,0.0665613787107972
0,B,100,7,21,0.09960845849299947
0,B,100,7,22,-0.10512094597867781
0,B,100,7,23,0.012062686428984478
0,B,100,7,24,0.1207859405226565
0,B,100,7,25,0.10199447291657511
0,B,100,7,26,0.10393943993423307
0,B,100,7,27,0.12035609300345275
0,B,100,7,28,0.13130887237874958
0,B,100,7,29,0.06393092647895608
0,B,100,8,0,0.07223208283992057
0,B,100,8,1,-0.15428058595352537
0,B,100,8,2,0.30944949183347603
0,B,100,8,3,0.47022198577985613
0,B,100,8,4,0.06826003564798827
0,B,100,8,5,-0.13962507029700438
0,B,100,8,6,-0.2914483980728205
0,B,100,8,7,0.023317017409870345
0,B,100,8,8,0.47732151543115353
0,B,100,8,9,-0.011440278979613751
0,B,100,8,10,0.04431397906465087
0,B,100,8,11,-0.10628357846187363
0,B,100,8,12,-0.07881004347775188
0,B,100,8,13,-0.1774023505722829
0,B,100,8,14,0.2370279328511477
0,B,100,8,15,0.14853269304642402
0,B,100,8,16,0.04972570762654724
0,B,100,8,17,0.1817598158366282
0,B,100,8,18,-0.20894027246699573
0,B,100,8,19,-0.4140062705159704
0,B,100,8,20,-0.17919711920711592
0,B,100,8,21,-0.09908276390860417
0,B,100,8,22,0.49534428960271626
0,B,100,8,23,0.13906303214999483
0,B,100,8,24,0.2204086557047186
0,B,100,8,25,0.09116053891896814
0,B,100,8,26,0.05600999426922738
0,B,100,8,27,0.42592416363079055
0,B,100,8,28,-0.006480259954985142
0,B,100,8,29,0.39565393848134023
0,B,100,9,0,-0.7135759680744838
0,B,100,9,1,-0.6040289066475599
0,B,100,9,2,-0.4660600996305055
0,B,100,9,3,-0.4199031131628839
0,B,100,9,4,-0.9964337857396136
0,B,100,9,5,-0.41807068818112636
0,B,100,9,6,-0.26677515438466415
0,B,100,9,7,-0.29937638900779817
0,B,100,9,8,-0.6140380402719692
0,B,100,9,9,-0.8993075168446788
0,B,100,9,10,-0.4217905672654731
0,B,100,9,11,-0.6924620834761934
0,B,100,9,12,-1.0764013619011497
0,B,100,9,13,-0.4144229743477807
0,B,100,9,14,-0.45769236224597404
0,B,100,9,15,-0.5842045047177647
0,B,100,9,16,-0.3917722674568069
0,B,100,9,17,-0.2472723051845702
0,B,100,9,18,-0.07625375560826676
0,B,100,9,19,-0.5084818251134898
0,B,100,9,20,-0.3117619529739713
0,B,100,9,21,-0.21262663719140693
0,B,100,9,22,-0.3468553155926763
0,B,100,9,23,-0.42391608645156253
0,B,100,9,24,-0.00019102149723291672
0,B,100,9,25,0.1764855908079875
0,B,100,9,26,-0.6939872810116721
0,B,100,9,27,-0.16476698581755775
0,B,100,9,28,-0.4369911852620265
0,B,100,9,29,-0.12437448482513354
1,A,0.05,0,0,0.03747377104662345
1,A,0.05,0,1,0.5554093299564347
1,A,0.05,0,2,0.37009071102697794
1,A,0.05,0,3,0.28991002139977395
1,A,0.05,0,4,0.4791194329691506
1,A,0.05,0,5,0.5258548142914091
1,A,0.05,0,6,0.43128963875087056
1,A,0.05,0,7,0.5465068512424462
1,A,0.05,0,8,0.5075071085866016
1,A,0.05,0,9,0.5083444282303929
1,A,0.05,0,10,0.5691850517605428
1,A,0.05,0,11,0.5468170007375707
1,A,0.05,0,12,0.5608674316016896
1,A,0.05,0,13,0.42074436521171504
1,A,0.05,0,14,0.4083167447004809
1,A,0.05,0,15,0.6131311865128487
1,A,0.05,0,16,0.6431135739646611
1,A,0.05,0,17,0.5975050309295753
1,A,0.05,0,18,0.45977516140941554
1,A,0.05,0,19,0.6056138422995732
1,A,0.05,0,20,0.7011989034969447
1,A,0.05,0,21,0.31991339061708884
1,A,0.05,0,22,0.601128983148818
1,A,0.05,0,23,0.6792917388793681
1,A,0.05,0,24,0.4956158091550491
1,A,0.05,0,25,0.6728075642805553
1,A,0.05,0,26,0.6549388691575438
1,A,0.05,0,27,0.6937267125938588
1,A,0.05,0,28,0.6611806164141614
1,A,0.05,0,29,0.5473529490406894
1,A,0.05,1,0,-2.0195502938352177
1,A,0.05,1,1,-1.9285389262658303
1,A,0.05,1,2,-1.7969235869734725
1,A,0.05,1,3,-1.9100246270091072
1,A,0.05,1,4,-1.6593353854552015
1,A,0.05,1,5,-1.8894033612135646
1,A,0.05,1,6,-1.577515595636433
1,A,0.05,1,7,-2.133598507342444
1,A,0.05,1,8,-1.9493492536433557
1,A,0.05,1,9,-1.9527156716422356
1,A,0.05,1,10,-1.9714717144761107
1,A,0.05,1,11,-1.5454733553589353
1,A,0.05,1,12,-1.820473192505513
1,A,0.05,1,13,-1.5338853074790806
1,A,0.05,1,14,-1.687752743581592
1,A,0.05,1,15,-2.0007237965821374
1,A,0.05,1,16,-1.8062093156792958
1,A,0.05,1,17,-1.7717066461157698
1,A,0.05,1,18,-1.5532972831427778
1,A,0.05,1,19,-2.2815698201697168
1,A,0.05,1,20,-2.104544812761239
1,A,0.05,1,21,-1.8849378295114574
1,A,0.05,1,22,-1.9445441629748093
1,A,0.05,1,23,-1.8324634597574607
1,A,0.05,1,24,-1.8828440725158955
1,A,0.05,1,25,-1.5413190323094799
1,A,0.05,1,26,-1.7965946345079584
1,A,0.05,1,27,-2.1551383095764582
1,A,0.05,1,28,-1.4036443566056822
1,A,0.05,1,29,-1.9205889066817223
1,A,0.05,2,0,-0.3067882749944681
1,A,0.05,2,1,0.21727288429247024
1,A,0.05,2,2,-0.011210130531183712
1,A,0.05,2,3,-0.17551819345273056
1,A,0.05,2,4,-0.04059031379539065
1,A,0.05,2,5,-0.35447299054960135
1,A,0.05,2,6,-0.16486971086871088
1,A,0.05,2,7,-0.2989425674180375
1,A,0.05,2,8,-0.04873944708266464
1,A,0.05,2,9,-0.04815017178002867
1,A,0.05,2,10,-0.13709109483551105
1,A,0.05,2,11,-0.16424611792769672
1,A,0.05,2,12,-0.020002667314649007
1,A,0.05,2,13,-0.38219902558969754
1,A,0.05,2,14,0.08629360003329324
1,A,0.05,2,15,-0.3540286786850368
1,A,0.05,2,16,0.0065974794912912185
1,A,0.05,2,17,-0.19597546082607945
1,A,0.05,2,18,-0.048170999319578564
1,A,0.05,2,19,-0.15733705363935763
1,A,0.05,2,20,-0.15638172532902322
1,A,0.05,2,21,-0.11301482156453808
1,A,0.05,2,22,-0.37447780727184193
1,A,0.05,2,23,-0.388392880342783
1,A,0.05,2,24,-0.25757917157047616
1,A,0.05,2,25,-0.1928882029833638
1,A,0.05,2,26,-0.16148143992819006
1,A,0.05,2,27,-0.38236280944128986
1,A,0.05,2,28,-0.26237250161593323
1,A,0.05,2,29,-0.030693222774014244
1,A,0.05,3,0,0.9351823868218938
1,A,0.05,3,1,0.6375696870053834
1,A,0.05,3,2,0.9444334159245751
1,A,0.05,3,3,0.4926998448827763
1,A,0.05,3,4,0.7193835314081682
1,A,0.05,3,5,-0.08240406384907913
1,A,0.05,3,6,1.0546091375422626
1,A,0.05,3,7,0.04905005337173552
1,A,0.05,3,8,0.4627849866805073
1,A,0.05,3,9,0.26490093786288976
1,A,0.05,3,10,0.26418556663643755
1,A,0.05,3,11,0.3791466259297642
1,A,0.05,3,12,0.2542691771453532
1,A,0.05,3,13,-0.4012038672773112
1,A,0.05,3,14,0.6222938388512033
1,A,0.05,3,15,1.0497462448536792
1,A,0.05,3,16,0.777632366050547
1,A,0.05,3,17,1.1680620124991914
1,A,0.05,3,18,1.5269116047189843
1,A,0.05,3,19,1.218587015424918
1,A,0.05,3,20,0.47346585372859545
1,A,0.05,3,21,0.6106854137392757
1,A,0.05,3,22,0.5643482010831943
1,A,0.05,3,23,0.45069179644559604
1,A,0.05,3,24,0.4412771123474143
1,A,0.05,3,25,0.5570913592577311
1,A,0.05,3,26,0.6043414613064059
1,A,0.05,3,27,0.4126935670264442
1,A,0.05,3,28,0.5717921396718026
1,A,0.05,3,29,0.23515292506599766
1,A,0.05,4,0,0.3561624547670747
1,A,0.05,4,1,0.16505270782202636
1,A,0.05,4,2,0.20445225173581769
1,A,0.05,4,3,-0.6274916625743139
1,A,0.05,4,4,-0.45500012325954475
1,A,0.05,4,5,0.013815467791508438
1,A,0.05,4,6,-1.2871028350515368
1,A,0.05,4,7,-0.568166909972642
1,A,0.05,4,8,-0.277311169671623
1,A,0.05,4,9,-0.7641229264465762
1,A,0.05,4,10,-2.0427136078290284
1,A,0.05,4,11,-0.20266935494883306
1,A,0.05,4,12,-1.660439114479519
1,A,0.05,4,13,-1.8682869346312605
1,A,0.05,4,14,-1.4850590984376144
1,A,0.05,4,15,-1.0602690368461583
1,A,0.05,4,16,0.0556775099869453
1,A,0.05,4,17,-1.523616249930676
1,A,0.05,4,18,-0.6322515697562245
1,A,0.05,4,19,-0.745875932434654
1,A,0.05,4,20,-0.49113996050041314
1,A,0.05,4,21,-0.34466468129269245
1,A,0.05,4,22,-0.28921884482840626
1,A,0.05,4,23,-1.648822949223432
1,A,0.05,4,24,-1.4396072233642674
1,A,0.05,4,25,-1.4325504173233194
1,A,0.05,4,26,-0.8395107829567301
1,A,0.05,4,27,-0.4944705811675121
1,A,0.05,4,28,-0.9974465201936725
1,A,0.05,4,29,-0.2763763926179704
1,A,0.05,5,0,-0.43103707610153386
1,A,0.05,5,1,-0.598196889553824
1,A,0.05,5,2,-0.3783982365214917
1,A,0.05,5,3,-0.41421792742443336
1,A,0.05,5,4,-0.44681216575111815
1,A,0.05,5,5,-0.5732145007348672
1,A,0.05,5,6,-0.07502454553766692
1,A,0.05,5,7,-0.25685112616489386
1,A,0.05,5,8,-0.4531065436043165
1,A,0.05,5,9,-0.34469550944333965
1,A,0.05,5,10,-0.46770288123699083
1,A,0.05,5,11,-0.3798732978386681
1,A,0.05,5,12,-0.41139238694222263
1,A,0.05,5,13,-0.24652704742238835
1,A,0.05,5,14,-0.28942296098578435
1,A,0.05,5,15,-0.4712600007876945
1,A,0.05,5,16,-0.40517615308725863
1,A,0.05,5,17,-0.44187342321982914
1,A,0.05,5,18,-0.4727557285304428
1,A,0.05,5,19,-0.4316561656938768
1,A,0.05,5,20,-0.4315319812610842
1,A,0.05,5,21,-0.10435559716453054
1,A,0.05,5,22,-0.5150447957923687
1,A,0.05,5,23,-0.2506182623430824
1,A,0.05,5,24,-0.14508876615221242
1,A,0.05,5,25,-0.33380908311438623
1,A,0.05,5,26,-0.34275191423963025
1,A,0.05,5,27,-0.34664737906146903
1,A,0.05,5,28,-0.24005755350857155
1,A,0.05,5,29,-0.27486103494890746
1,A,0.05,6,0,-0.4692449805818523
1,A,0.05,6,1,-0.5154763113583472
1,A,0.05,6,2,0.08128724856952814
1,A,0.05,6,3,-0.9133117721925359
1,A,0.05,6,4,-0.09028055880048955
1,A,0.05,6,5,-0.41584097391492436
1,A,0.05,6,6,-0.5041007841048222
1,A,0.05,6,7,0.07026602203543911
1,A,0.05,6,8,-0.8275852493166198
1,A,0.05,6,9,-0.16469290134449424
1,A,0.05,6,10,-0.4115377562286415
1,A,0.05,6,11,-0.017854869081742372
1,A,0.05,6,12,0.3202154993368354
1,A,0.05,6,13,-0.410990968133058
1,A,0.05,6,14,-0.24364795626904825
1,A,0.05,6,15,-0.39055439048484
1,A,0.05,6,16,-0.6936272253361665
1,A,0.05,6,17,-0.45706434960985737
1,A,0.05,6,18,-0.4248874880818609
1,A,0.05,6,19,-0.7641551691936207
1,A,0.05,6,20,-0.10720319357181307
1,A,0.05,6,21,0.12418449534579354
1,A,0.05,6,22,-1.2628552081885298
1,A,0.05,6,23,-0.3004792285667051
1,A,0.05,6,24,-0.2237027526250841
1,A,0.05,6,25,0.20516009309819558
1,A,0.05,6,26,-0.3279251989554189
1,A,0.05,6,27,-0.0884041868857359
1,A,0.05,6,28,-0.05399433778342467
1,A,0.05,6,29,-1.1986972518016559
1,A,0.05,7,0,0.0009601486499928292
1,A,0.05,7,1,0.2961274162055359
1,A,0.05,7,2,1.1628006188086404
1,A,0.05,7,3,0.6603569068322852
1,A,0.05,7,4,0.1434090742814686
1,A,0.05,7,5,0.1330638281588564
1,A,0.05,7,6,0.12552702715007857
1,A,0.05,7,7,0.6588840187908749
1,A,0.05,7,8,0.22325503403999328
1,A,0.05,7,9,0.5532438566296692
1,A,0.05,7,10,0.39708600103857955
1,A,0.05,7,11,1.0185992265803743
1,A,0.05,7,12,0.2274984286043499
1,A,0.05,7,13,0.12344680908984974
1,A,0.05,7,14,0.13479093979695075
1,A,0.05,7,15,-0.045138319286077054
1,A,0.05,7,16,0.2547126450845184
1,A,0.05,7,17,0.3420766342098347
1,A,0.05,7,18,-0.22937517843234814
1,A,0.05,7,19,0.565632365620019
1,A,0.05,7,20,0.42420382199272205
1,A,0.05,7,21,0.33452053216918165
1,A,0.05,7,22,0.8133923010501815
1,A,0.05,7,23,0.28701735854849186
1,A,0.05,7,24,1.1908330180236693
1,A,0.05,7,25,0.9758886347784415
1,A,0.05,7,26,1.2997018058079448
1,A,0.05,7,27,0.7843403351431046
1,A,0.05,7,28,1.2694738550023839
1,A,0.05,7,29,1.4685168315297978
1,A,0.05,8,0,-1.816174275901995
1,A,0.05,8,1,-1.2251699749248912
1,A,0.05,8,2,-0.0404871251901278
1,A,0.05,8,3,-1.8496083593498702
1,A,0.05,8,4,-0.38512817996199683
1,A,0.05,8,5,-0.19354766282943886
1,A,0.05,8,6,-1.3036593535424181
1,A,0.05,8,7,-0.9920539922555278
1,A,0.05,8,8,-2.162426294694223
1,A,0.05,8,9,-0.7641930379479851
1,A,0.05,8,10,-1.6715788522042803
1,A,0.05,8,11,-1.2570185127275182
1,A,0.05,8,12,-1.7841102694668087
1,A,0.05,8,13,-0.7500739389194431
1,A,0.05,8,14,-1.5119224096304535
1,A,0.05,8,15,-1.1318098180487077
1,A,0.05,8,16,-0.8111642504611
1,A,0.05,8,17,-1.3258550594365037
1,A,0.05,8,18,-1.6284283710256526
1,A,0.05,8,19,-1.3170554897570776
1,A,0.05,8,20,-1.1080354255419145
1,A,0.05,8,21,-1.84697147369812
1,A,0.05,8,22,-1.637302686740817
1,A,0.05,8,23,-1.394114188905579
1,A,0.05,8,24,-0.5971686788838168
1,A,0.05,8,25,-1.4937658192317487
1,A,0.05,8,26,-0.024076464143524687
1,A,0.05,8,27,-0.5678737393976127
1,A,0.05,8,28,-2.052422487162303
1,A,0.05,8,29,-1.4876997231718487
1,A,0.05,9,0,-0.04124110701935218
1,A,0.05,9,1,0.0449439350478972
1,A,0.05,9,2,0.08417698277501283
1,A,0.05,9,3,-0.09542523541050053
1,A,0.05,9,4,0.2288260840865074
1,A,0.05,9,5,-0.006131866141041397
1,A,0.05,9,6,0.2762630198286928
1,A,0.05,9,7,-0.00887262601857338
1,A,0.05,9,8,0.24695130838456902
1,A,0.05,9,9,0.04148011220099257
1,A,0.05,9,10,0.027842174387917737
1,A,0.05,9,11,0.14927248578774324
1,A,0.05,9,12,0.014743078715274366
1,A,0.05,9,13,0.2590191128763731
1,A,0.05,9,14,0.16576711370381353
1,A,0.05,9,15,0.3823879085883392
1,A,0.05,9,16,0.10372981685863983
1,A,0.05,9,17,0.2973688940953496
1,A,0.05,9,18,0.3395214785138714
1,A,0.05,9,19,0.2865408530891925
1,A,0.05,9,20,0.3420646673271431
1,A,0.05,9,21,0.23040635423741504
1,A,0.05,9,22,0.30240808295500865
1,A,0.05,9,23,0.024278170189270854
1,A,0.05,9,24,0.312745897519415
1,A,0.05,9,25,0.14203772058135136
1,A,0.05,9,26,0.3993983259170858
1,A,0.05,9,27,0.0920021797541638
1,A,0.05,9,28,0.3440659063494052
1,A,0.05,9,29,0.19959684951072756
1,B,100,0,0,-0.1988443887401716
1,B,100,0,1,0.003843363138474885
1,B,100,0,2,0.060439732932338605
1,B,100,0,3,-0.06281856674861022
1,B,100,0,4,0.13352059580225611
1,B,100,0,5,0.06658455116360264
1,B,100,0,6,-0.06539159106415962
1,B,100,0,7,0.10555482324948383
1,B,100,0,8,-0.0672982632022178
1,B,100,0,9,-0.05692365730800974
1,B,100,0,10,0.00019938291376561413
1,B,100,0,11,0.058572351684586334
1,B,100,0,12,0.07380475485778853
1,B,100,0,13,0.035555711601272584
1,B,100,0,14,0.11286997609256647
1,B,100,0,15,0.04849577593548929
1,B,100,0,16,0.019280656656408594
1,B,100,0,17,-0.004040338288386004
1,B,100,0,18,0.09321019456306023
1,B,100,0,19,0.18614196937134686
1,B,100,0,20,0.14817624279929298
1,B,100,0,21,0.10972601152132203
1,B,100,0,22,0.10926396641001059
1,B,100,0,23,-0.22109652058622042
1,B,100,0,24,-0.07928647991663873
1,B,100,0,25,-0.1251812145474603
1,B,100,0,26,0.028179901757607893
1,B,100,0,27,-0.03971110043481428
1,B,100,0,28,0.06894754212132048
1,B,100,0,29,0.20209833786239284
1,B,100,1,0,-0.03337335221300075
1,B,100,1,1,-0.011461198750670667
1,B,100,1,2,0.05241556878057391
1,B,100,1,3,0.12805428487090229
1,B,100,1,4,0.008560776665282092
1,B,100,1,5,0.07453823574075186
1,B,100,1,6,0.08070539119176859
1,B,100,1,7,0.04636554249129296
1,B,100,1,8,0.1061964114293631
1,B,100,1,9,0.15753560438427774
1,B,100,1,10,-0.08262026875665375
1,B,100,1,11,0.18589593525273035
1,B,100,1,12,-0.008667838029169938
1,B,100,1,13,0.20557206982793017
1,B,100,1,14,0.16624571827791026
1,B,100,1,15,0.08175737304285911
1,B,100,1,16,0.06163196092407553
1,B,100,1,17,0.20443042628155697
1,B,100,1,18,0.027914274564962326
1,B,100,1,19,0.33315773166528007
1,B,100,1,20,-0.01872748535098678
1,B,100,1,21,0.1756187046883453
1,B,100,1,22,0.3224401524555913
1,B,100,1,23,0.19432062139852574
1,B,100,1,24,0.29930588059845126
1,B,100,1,25,0.21928304284756617
1,B,100,1,26,0.1875480323127556
1,B,100,1,27,0.22706343187198588
1,B,100,1,28,0.20317944970341925
1,B,100,1,29,0.2134202987303888
1,B,100,2,0,0.3840423366530958
1,B,100,2,1,0.5630953033519767
1,B,100,2,2,0.3732503064997992
1,B,100,2,3,0.4744850674957435
1,B,100,2,4,0.264705822785652
1,B,100,2,5,0.3570284542350379
1,B,100,2,6,0.4329719443517
1,B,100,2,7,0.45565535843248867
1,B,100,2,8,0.09020786311326043
1,B,100,2,9,0.17218221151692953
1,B,100,2,10,0.13695856619466962
1,B,100,2,11,0.5382411646318479
1,B,100,2,12,0.43388481415884184
1,B,100,2,13,0.5153958634447737
1,B,100,2,14,0.2071058470921735
1,B,100,2,15,0.3600992947733304
1,B,100,2,16,0.13127582563020831
1,B,100,2,17,0.6308340102752884
1,B,100,2,18,0.7084431984129229
1,B,100,2,19,0.63721372960056
1,B,100,2,20,0.5115738247777065
1,B,100,2,21,0.06046853168432606
1,B,100,2,22,0.514453302424404
1,B,100,2,23,0.10863515201234239
1,B,100,2,24,0.587781988324789
1,B,100,2,25,0.3670666617259195
1,B,100,2,26,0.3089128381227254
1,B,100,2,27,0.06532162057944342
1,B,100,2,28,0.4630621470076768
1,B,100,2,29,0.0865638132714351
1,B,100,3,0,-0.8961860715783267
1,B,100,3,1,-1.2969524656066984
1,B,100,3,2,-0.7720787705223884
1,B,100,3,3,-1.4740335039324837
1,B,100,3,4,-1.1113551290754131
1,B,100,3,5,-1.2041947432074964
1,B,100,3,6,-0.9424269701415626
1,B,100,3,7,-0.8586214850647789
1,B,100,3,8,-1.454410638022666
1,B,100,3,9,-1.1471466486587416
1,B,100,3,10,-1.1410560315795906
1,B,100,3,11,-1.1151813447407066
1,B,100,3,12,-1.0251091038468443
1,B,100,3,13,-0.9869643781477977
1,B,100,3,14,-1.0952381011650159
1,B,100,3,15,-0.9847873245489372
1,B,100,3,16,-1.1801488126075101
1,B,100,3,17,-0.9830083034216565
1,B,100,3,18,-0.9770435639116044
1,B,100,3,19,-0.7908621377067278
1,B,100,3,20,-0.8248372795052236
1,B,100,3,21,-0.7755283780513119
1,B,100,3,22,-1.221871735810723
1,B,100,3,23,-0.9080155772431885
1,B,100,3,24,-1.2058643963925026
1,B,100,3,25,-1.1488024789627742
1,B,100,3,26,-0.9766255611339234
1,B,100,3,27,-0.7355745930664244
1,B,100,3,28,-1.2939571513915102
1,B,100,3,29,-0.9618285136716246
1,B,100,4,0,-0.15719195896657925
1,B,100,4,1,-0.004104604285999856
1,B,100,4,2,0.31149953284950793
1,B,100,4,3,0.6616865535545823
1,B,100,4,4,-0.029660226872993654
1,B,100,4,5,-0.3191717095345561
1,B,100,4,6,0.05644899059198846
1,B,100,4,7,-0.23360549700123742
1,B,100,4,8,0.2079762762195603
1,B,100,4,9,0.21034488747207325
1,B,100,4,10,0.3002913818905901
1,B,100,4,11,0.048046383954559554
1,B,100,4,12,-0.2541389133189499
1,B,100,4,13,0.11808181708218027
1,B,100,4,14,0.12824871265625792
1,B,100,4,15,0.4523772355759006
1,B,100,4,16,0.0580558872609309
1,B,100,4,17,-0.0020990070594475133
1,B,100,4,18,-0.3332392027693965
1,B,100,4,19,-0.08995510708857056
1,B,100,4,20,0.8657873693894607
1,B,100,4,21,0.2966346972729893
1,B,100,4,22,0.37319148801710156
1,B,100,4,23,1.0198143261431696
1,B,100,4,24,1.2971655781408833
1,B,100,4,25,1.0619627610202333
1,B,100,4,26,0.973969779252071
1,B,100,4,27,1.3235245051295115
1,B,100,4,28,1.0436051046540467
1,B,100,4,29,0.9339539436575983
1,B,100,5,0,0.18816990767314482
1,B,100,5,1,0.2034371360359106
1,B,100,5,2,0.14436381502433432
1,B,100,5,3,0.054652386998907995
1,B,100,5,4,0.0655861926191317
1,B,100,5,5,0.024036551973411917
1,B,100,5,6,0.1774047177959941
1,B,100,5,7,0.18979292446046214
1,B,100,5,8,0.1272738468978042
1,B,100,5,9,0.138789278964768
1,B,100,5,10,0.20427170930814584
1,B,100,5,11,0.0607410285616115
1,B,100,5,12,0.07745921642034315
1,B,100,5,13,0.17654589099899767
1,B,100,5,14,0.20081438555746606
1,B,100,5,15,0.16560682963049717
1,B,100,5,16,0.13745888045470817
1,B,100,5,17,0.32034663406650654
1,B,100,5,18,0.29710809971229996
1,B,100,5,19,0.09877367723040793
1,B,100,5,20,0.12631047605736634
1,B,100,5,21,0.08375719196151474
1,B,100,5,22,0.16918219872813853
1,B,100,5,23,0.1583223921915941
1,B,100,5,24,0.22245560696519603
1,B,100,5,25,0.16827355451416223
1,B,100,5,26,-0.04695489434939095
1,B,100,5,27,0.2013828132964298
1,B,100,5,28,0.07968582134521213
1,B,100,5,29,0.057592746274896016
1,B,100,6,0,-0.09991856167116799
1,B,100,6,1,-0.15020885100472559
1,B,100,6,2,-0.3905415449936297
1,B,100,6,3,0.05687574214503175
1,B,100,6,4,-0.21371810181746917
1,B,100,6,5,-0.20761978280513138
1,B,100,6,6,0.17673391463953175
1,B,100,6,7,0.15929779121827362
1,B,100,6,8,0.06622703301213155
1,B,100,6,9,0.139248180267729
1,B,100,6,10,-0.10549322781793982
1,B,100,6,11,-0.14441141697720372
1,B,100,6,12,0.28863252283701635
1,B,100,6,13,0.14902779883523856
1,B,100,6,14,-0.19455462032767468
1,B,100,6,15,-0.04213314660173646
1,B,100,6,16,-0.3542030330717836
1,B,100,6,17,-0.38265441045119075
1,B,100,6,18,-0.17025230847984502
1,B,100,6,19,-0.12388814196037666
1,B,100,6,20,-0.5071780453502098
1,B,100,6,21,-0.4621325340647002
1,B,100,6,22,-0.1183047873409624
1,B,100,6,23,-0.7851787791007829
1,B,100,6,24,-0.8513504493439621
1,B,100,6,25,-0.7411546122732208
1,B,100,6,26,-0.11616067332761573
1,B,100,6,27,-0.27879093844083824
1,B,100,6,28,-0.21140443359310496
1,B,100,6,29,-0.12982858572292585
1,B,100,7,0,-0.5211261755840374
1,B,100,7,1,-0.7452725989138939
1,B,100,7,2,-0.6170340899487644
1,B,100,7,3,-0.5802104527130977
1,B,100,7,4,-0.44386201024461536
1,B,100,7,5,-1.0414136649370591
1,B,100,7,6,-0.965854408212052
1,B,100,7,7,-0.4547029410829177
1,B,100,7,8,-0.7082907617171845
1,B,100,7,9,-1.0760697001203312
1,B,100,7,10,-0.6231213198681304
1,B,100,7,11,-0.5403112833667778
1,B,100,7,12,-0.790263393431216
1,B,100,7,13,-0.5262406033956137
1,B,100,7,14,-0.057922539447098256
1,B,100,7,15,-0.25726782793962605
1,B,100,7,16,-0.1202974075598266
1,B,100,7,17,-0.3260405062346456
1,B,100,7,18,-0.11369045213118448
1,B,100,7,19,-0.21737599719113931
1,B,100,7,20,-0.03702567591275482
1,B,100,7,21,-0.24276981214080218
1,B,100,7,22,-0.290919867849694
1,B,100,7,23,-0.5329915985086667
1,B,100,7,24,-0.06567897130330516
1,B,100,7,25,-0.32050483954794423
1,B,100,7,26,-0.18120626861014139
1,B,100,7,27,-0.22919384251240082
1,B,100,7,28,-0.3282940532596762
1,B,100,7,29,-0.09513763692438089
1,B,100,8,0,-0.9570768245328333
1,B,100,8,1,-1.9267494197699144
1,B,100,8,2,-1.213350437749206
1,B,100,8,3,-0.9546349072788395
1,B,100,8,4,-0.8011809560045594
1,B,100,8,5,-0.7368880066656575
1,B,100,8,6,-1.466912069034018
1,B,100,8,7,-0.7058326270434813
1,B,100,8,8,-0.08770684626873651
1,B,100,8,9,-0.7245847904650441
1,B,100,8,10,-0.9325499727440814
1,B,100,8,11,-0.1385472682930952
1,B,100,8,12,0.27206832400441844
1,B,100,8,13,-0.7059794780393231
1,B,100,8,14,-0.4388777994406686
1,B,100,8,15,-0.9210031360220003
1,B,100,8,16,-0.08959346607996614
1,B,100,8,17,-0.8777951314834066
1,B,100,8,18,0.12369792327836385
1,B,100,8,19,-0.11745714971474167
1,B,100,8,20,-0.04518814971699978
1,B,100,8,21,-0.2541635934325421
1,B,100,8,22,0.06678852729580499
1,B,100,8,23,-0.8828555435604695
1,B,100,8,24,-0.013159490872738554
1,B,100,8,25,0.29194803970830246
1,B,100,8,26,-0.2786388749617979
1,B,100,8,27,-0.18826097319978252
1,B,100,8,28,-0.15377002212660182
1,B,100,8,29,0.13938805572856605
1,B,100,9,0,-0.35465761561415715
1,B,100,9,1,-0.3745912910360299
1,B,100,9,2,-0.03599448328276345
1,B,100,9,3,-0.39618760417421595
1,B,100,9,4,-0.09208926161526988
1,B,100,9,5,0.3138973576066502
1,B,100,9,6,-0.11942644712979099
1,B,100,9,7,0.3518285322935429
1,B,100,9,8,-0.09768357388876348
1,B,100,9,9,0.20469582137233636
1,B,100,9,10,0.4974221115318376
1,B,100,9,11,0.6777118804741723
1,B,100,9,12,0.06686564784225568
1,B,100,9,13,-0.16897830562828214
1,B,100,9,14,-0.014819128252654412
1,B,100,9,15,0.3466556659711938
1,B,100,9,16,-0.2944808074368242
1,B,100,9,17,0.7870456928749603
1,B,100,9,18,0.47430531117311736
1,B,100,9,19,0.2696523417551065
1,B,100,9,20,0.0038310612153754763
1,B,100,9,21,0.4990815790248527
1,B,100,9,22,-1.3789274051941864
1,B,100,9,23,0.6756952726037471
1,B,100,9,24,0.07042742059250069
1,B,100,9,25,0.41112309002986946
1,B,100,9,26,0.975264309889624
1,B,100,9,27,0.5194317903611098
1,B,100,9,28,0.23886472394304498
1,B,100,9,29,0.45496532270674117
